ID_Pedido,Texto_Incidencia,Categoria_Origen,Texto_Limpio
ID_86633a4b,[OCULTO POR PRIVACIDAD],PAQUETE DUPLICADO,ped sid devuelt almacen retorn abus transport bigblu hac carg gast envi ped almcen met stock
ID_5fc946c3,[OCULTO POR PRIVACIDAD],PAQUETE DUPLICADO,client pag gast envi adicional envi direccion correct bigblu vuelv envi direccion errone
ID_709f8519,[OCULTO POR PRIVACIDAD],PAQUETE DUPLICADO,bigblu envi product paquet hac carg cost paquet prend nuev paquet 1141691
ID_4aa2953f,[OCULTO POR PRIVACIDAD],PAQUETE DUPLICADO,bigblu envi pin client devuelv paquet almacen reclam bigblu gast envi
ID_1bcdf30a,[OCULTO POR PRIVACIDAD],PAQUETE DUPLICADO,devolucion abus transport bigblu hac carg gast enivi
ID_0bcbe374,[OCULTO POR PRIVACIDAD],PAQUETE DUPLICADO,client lleg ningun notif lleg punt recog devuelv abus bigblu hac carg gast envi
ID_3801ae6c,[OCULTO POR PRIVACIDAD],PAQUETE DUPLICADO,client abre pud encuentr paquet vaci complet manipul 20 ener pid explic bigblu 17 ener mes despu sab
ID_561a9433,[OCULTO POR PRIVACIDAD],PAQUETE DUPLICADO,supon entregaod paquet bigblu da respuest firm entreg relam vam hac carg gast envi
ID_1314ab4f,[OCULTO POR PRIVACIDAD],PEDIDO PERDIDO,error color
ID_1608a00e,[OCULTO POR PRIVACIDAD],PEDIDO PERDIDO,envi prend nuev tiend
ID_e6f30b71,[OCULTO POR PRIVACIDAD],PEDIDO PERDIDO,envi prend nuev tiend
ID_ada00bb5,[OCULTO POR PRIVACIDAD],PEDIDO PERDIDO,duplic ped 899961
ID_13dbcaa6,[OCULTO POR PRIVACIDAD],PEDIDO PERDIDO,ped colabor belgic duplic ped
ID_b8751a88,[OCULTO POR PRIVACIDAD],PEDIDO PERDIDO,abiert litigi inpost
ID_27c7bb31,[OCULTO POR PRIVACIDAD],PEDIDO PERDIDO,client envi ped prend
ID_b33643f1,[OCULTO POR PRIVACIDAD],PEDIDO PERDIDO,client lleg ped reclam bigblu tambi gast envi duplic ped
ID_5707a40a,[OCULTO POR PRIVACIDAD],PEDIDO PERDIDO,ped mas 15 dias transit envi prend nuev inici incident perd inpost
ID_c32e8746,[OCULTO POR PRIVACIDAD],PEDIDO PERDIDO,bigblu pierd paquet hac carg
ID_f5e94726,[OCULTO POR PRIVACIDAD],PEDIDO PERDIDO,transport pierd ped reclam duplic ped sac tiend envi mrw
ID_70af3f6f,[OCULTO POR PRIVACIDAD],PEDIDO PERDIDO,bigblu indic ped sid perd sac tiend fisic stock bigblu
ID_51895628,[OCULTO POR PRIVACIDAD],PEDIDO PERDIDO,bigblu avis repartidor perd ped duplic
ID_c4736ccd,[OCULTO POR PRIVACIDAD],PEDIDO PERDIDO,bigblu avis paquet perd duplic
ID_e3df2d51,[OCULTO POR PRIVACIDAD],PEDIDO PERDIDO,inpost entreg paquet person complet diferent envi prend nuev mrw inici incident inpost
ID_3fb1dbb4,[OCULTO POR PRIVACIDAD],PEDIDO PERDIDO,despu reclam ped bigblu confirm ped perd repartidor
ID_0367cd24,[OCULTO POR PRIVACIDAD],PEDIDO PERDIDO,ped perd seur
ID_fa743954,[OCULTO POR PRIVACIDAD],PEDIDO PERDIDO,ped perd inpost litigi abiert envi nuev prend mrw falt ok ferret
ID_2bbd6975,[OCULTO POR PRIVACIDAD],PEDIDO PERDIDO,ped perd bigblu envi nuev
ID_ca23d5d0,[OCULTO POR PRIVACIDAD],PEDIDO PERDIDO,ped perd bigblu envi nuev
ID_7ce14b9c,[OCULTO POR PRIVACIDAD],PEDIDO PERDIDO,ped dia 16 febrer entreg client inpost dad solucion envi nuev ped sig ser entreg
ID_d31264a1,[OCULTO POR PRIVACIDAD],PEDIDO PERDIDO,duplic
ID_331c9bda,[OCULTO POR PRIVACIDAD],PEDIDO PERDIDO,duplic reclam inpost
ID_c15a4426,[OCULTO POR PRIVACIDAD],PEDIDO PERDIDO,reembols diner client quier prend abiert invetsig inpost
ID_f4dd0343,[OCULTO POR PRIVACIDAD],PEDIDO PERDIDO,duplic ped abiert incidenici inpost
ID_74a71eac,[OCULTO POR PRIVACIDAD],PEDIDO PERDIDO,envi perd inpost
ID_cae66086,[OCULTO POR PRIVACIDAD],PEDIDO PERDIDO,mensaj inpost intent localiz ped pued facilit descripcion conten paquet agiliz localiz
ID_53999931,[OCULTO POR PRIVACIDAD],PEDIDO PERDIDO,reclam bigblu llev camin 24 noviembr
ID_0cff777b,[OCULTO POR PRIVACIDAD],PEDIDO PERDIDO,perd agenci transport envi nuev
ID_34d7111e,[OCULTO POR PRIVACIDAD],PEDIDO PERDIDO,envi 5 ener esper respuest bigblu
ID_d3fcd124,[OCULTO POR PRIVACIDAD],PEDIDO PERDIDO,envi 12 diciembr hac reembols client
ID_374bd302,[OCULTO POR PRIVACIDAD],PEDIDO PERDIDO,envi 30 noviembr inpost entreg algui client despu bastant tiemp client prefier tramit reembols envi nuev prend
ID_b503ddd1,[OCULTO POR PRIVACIDAD],PEDIDO PERDIDO,ped 3 diciembr inpost pierd ped tramit nuev stock burde esper respuest hab stock client quier reembols ped
ID_8e69f373,[OCULTO POR PRIVACIDAD],PEDIDO PERDIDO,ped 29 noviembr envi 5 diciembr reclam reiter ocasion 20 ener entreg paquet envi nuev client
ID_100a68ea,[OCULTO POR PRIVACIDAD],PEDIDO PERDIDO,ped 13 noviembr
ID_120b5667,[OCULTO POR PRIVACIDAD],PEDIDO PERDIDO,ped 18 diciembr esper respuest inpost pod tramit nuev ped
ID_d0463e3f,[OCULTO POR PRIVACIDAD],PEDIDO PERDIDO,ped princpi diciembr perd inpost envi nuev mas regal
ID_97ece9f0,[OCULTO POR PRIVACIDAD],PEDIDO PERDIDO,ped perd diciembr reclam inpost
ID_8f8c044a,[OCULTO POR PRIVACIDAD],PEDIDO PERDIDO,perd inpost
ID_4038655b,[OCULTO POR PRIVACIDAD],PEDIDO PERDIDO,perd mrw envi prend nuev
ID_3607133f,[OCULTO POR PRIVACIDAD],PEDIDO PERDIDO,perd inpost envi nuev
ID_5ead9ce5,[OCULTO POR PRIVACIDAD],PEDIDO PERDIDO,perd inpost todavi sid devuelt almacen principi diciembr
ID_1c85ead7,[OCULTO POR PRIVACIDAD],PEDIDO PERDIDO,perd bigblu envi nuev
ID_0510e715,[OCULTO POR PRIVACIDAD],PEDIDO PERDIDO,perd inpost envi nuev
ID_b3fce27c,[OCULTO POR PRIVACIDAD],PEDIDO PERDIDO,perd bigblu
ID_ea4e5d2c,[OCULTO POR PRIVACIDAD],PEDIDO PERDIDO,todavi confirm perd
ID_9feb1cc3,[OCULTO POR PRIVACIDAD],PEDIDO PERDIDO,ped llev reclam diciembr envi justif entreg client lleg envi prend nuev
ID_e9cf75ca,[OCULTO POR PRIVACIDAD],PEDIDO PERDIDO,dec client escoj prend mism import stock
ID_164642a2,[OCULTO POR PRIVACIDAD],PEDIDO PERDIDO,ped perd bigblu stock envi prend
ID_6f2e50a1,[OCULTO POR PRIVACIDAD],PEDIDO PERDIDO,per inpost reclam abiert envi nuev
ID_73ccd660,[OCULTO POR PRIVACIDAD],PEDIDO PERDIDO,client quier reembols
ID_06afe781,[OCULTO POR PRIVACIDAD],PEDIDO PERDIDO,ped diciembr entreg todav
ID_47160aa6,[OCULTO POR PRIVACIDAD],PEDIDO PERDIDO,ped 16 diciembr lleg todav envi nuev mrw
ID_68714384,[OCULTO POR PRIVACIDAD],PEDIDO PERDIDO,ped 10 ener client equivoc direccion envi ped puest recog punt pack envi vari ocasion recog ped punt pack va pus direccion asturi reclam much vec inpost ped devuelv almacen envi nuev client inpost da respuest envi nuev paquet nav final alessandr dia 14 febrer reembols ped client
ID_7425428b,[OCULTO POR PRIVACIDAD],PEDIDO PERDIDO,pediod noviembr reclam much vec dad respuest quier envi nuev stock brick dig client escoj hag envi envi camiset regal molesti ocasion
ID_3395c665,[OCULTO POR PRIVACIDAD],PEDIDO PERDIDO,ped ener llegaod client reclam vari ocasion
ID_3067724b,[OCULTO POR PRIVACIDAD],PEDIDO PERDIDO,ped 12 ener hoy 17 febrer dan perd despues hab reclam much ocasion envi nuev
ID_374927e9,[OCULTO POR PRIVACIDAD],PEDIDO PERDIDO,perd 30 ener
ID_b9761ade,[OCULTO POR PRIVACIDAD],PEDIDO PERDIDO,envi nuev
ID_33f94b9b,[OCULTO POR PRIVACIDAD],PEDIDO PERDIDO,envi prend nuev
ID_2cf0569f,[OCULTO POR PRIVACIDAD],PEDIDO PERDIDO,perd mrw envi nuev prend
ID_a8df1924,[OCULTO POR PRIVACIDAD],PEDIDO PERDIDO,entreg errone inpost ofrec color nuev envi
ID_f4ceb0c6,[OCULTO POR PRIVACIDAD],INCIDENCIA GENERAL,prend compr noviembr lleg bastant grand intent comunic bastant vec respuest termin plaz cambi
ID_ab4722ad,[OCULTO POR PRIVACIDAD],INCIDENCIA GENERAL,paquet perd
ID_9f0de25c,[OCULTO POR PRIVACIDAD],INCIDENCIA GENERAL,prend entreg gorc volvi nav
ID_896975f6,[OCULTO POR PRIVACIDAD],INCIDENCIA GENERAL,cancel ped falt stock vien quej tiend cancel ped falt stock ido consum inform quier manteng preci ped hiz 34 649 96 10 51
ID_4e040690,[OCULTO POR PRIVACIDAD],INCIDENCIA GENERAL,paquet prepar falt stock
ID_0b380305,[OCULTO POR PRIVACIDAD],INCIDENCIA GENERAL,hac dos ped quer q hac dev 2x1
ID_3581ba3d,[OCULTO POR PRIVACIDAD],INCIDENCIA GENERAL,ped prepar falt stock
ID_44ef79aa,[OCULTO POR PRIVACIDAD],INCIDENCIA GENERAL,ped lleg
ID_c526fd39,[OCULTO POR PRIVACIDAD],INCIDENCIA GENERAL,ped ener lleg todavi pregunt luis
ID_ddb3f86e,[OCULTO POR PRIVACIDAD],INCIDENCIA GENERAL,ped lleg
ID_3581ba3d,[OCULTO POR PRIVACIDAD],INCIDENCIA GENERAL,ped stock ambas prend llam client cambi
ID_bba62757,[OCULTO POR PRIVACIDAD],INCIDENCIA GENERAL,ped 29 ener todavi envi pregunt mailiing pddo sab excel reflej ningun bordador
ID_491fbf33,[OCULTO POR PRIVACIDAD],INCIDENCIA GENERAL,ped diciembr lleg pol pon fuenteventur lug fuerteventur llev ener lleg tiend arregl llev erik mas notici forr llam erik sab si tiend tampoc
ID_a0cae593,[OCULTO POR PRIVACIDAD],INCIDENCIA GENERAL,lleg ped client 50469 ped pregunt luis si sab encuentr llam client luis respond
ID_dab45e0f,[OCULTO POR PRIVACIDAD],INCIDENCIA GENERAL,paquet mand client 50459
ID_db495a88,[OCULTO POR PRIVACIDAD],INCIDENCIA GENERAL,paquet entreg
ID_2ddf4b98,[OCULTO POR PRIVACIDAD],INCIDENCIA GENERAL,prend mal bord
ID_d7f495ac,[OCULTO POR PRIVACIDAD],INCIDENCIA GENERAL,ped lleg num seguimient ver si devuelt
ID_a59e1546,[OCULTO POR PRIVACIDAD],INCIDENCIA GENERAL,lleg prend inicial deberi llev
ID_77f5591e,[OCULTO POR PRIVACIDAD],INCIDENCIA GENERAL,prend defectu
ID_930aabb4,[OCULTO POR PRIVACIDAD],INCIDENCIA GENERAL,lleg dos forr errone
ID_9812d330,[OCULTO POR PRIVACIDAD],INCIDENCIA GENERAL,falt stock forr burde ferret vuelqu stock mir cambi forr pol burde color mailing dic fall stock azul marin llam client coment obteng respuest envi mensaj
ID_778af555,[OCULTO POR PRIVACIDAD],INCIDENCIA GENERAL,prepar
ID_20b15248,[OCULTO POR PRIVACIDAD],INCIDENCIA GENERAL,lleg prend ciud bord pid jaen lleg jerez
ID_bd2a48bb,[OCULTO POR PRIVACIDAD],INCIDENCIA GENERAL,ped prepar envi final ener pregunt mailing
ID_0380079b,[OCULTO POR PRIVACIDAD],INCIDENCIA GENERAL,entreg prend
ID_ff75e391,[OCULTO POR PRIVACIDAD],INCIDENCIA GENERAL,client recib ped prend incorrect ped mailing envi prend correct retorn
ID_97c3df5b,[OCULTO POR PRIVACIDAD],INCIDENCIA GENERAL,lleg dos prend mal ped mailing envi correct
ID_f40882de,[OCULTO POR PRIVACIDAD],INCIDENCIA GENERAL,client lleg dos prend mal mand bord prend correct envi retorn incorrect
ID_038df691,[OCULTO POR PRIVACIDAD],INCIDENCIA GENERAL,recib prend mal envi correct junt retorn errone
ID_f29d56d8,[OCULTO POR PRIVACIDAD],INCIDENCIA GENERAL,cruc ped 64334 64344 numer seguimient avanz pregunt luis 64334 ped sep dos hac envi pertinent client sol lleg dos forr blanc rot
ID_f0751a93,[OCULTO POR PRIVACIDAD],INCIDENCIA GENERAL,cruc ped 65374 hac envi pertinent dos paquet respect dueñ
ID_831283ab,[OCULTO POR PRIVACIDAD],INCIDENCIA GENERAL,cruc ped 65347 notific luis hac recog envi pertinent
ID_141a66f7,[OCULTO POR PRIVACIDAD],INCIDENCIA GENERAL,lleg dos prend mal inform mailing hac envi nuev
ID_3aec222b,[OCULTO POR PRIVACIDAD],INCIDENCIA GENERAL,lleg prend mal condicion notific mailing recog reivs jeas envi nuev prend
ID_9ce08b3c,[OCULTO POR PRIVACIDAD],INCIDENCIA GENERAL,ped entreg client ped justif entreg ped luis luis envi imag justif entreg habl client envi prend tiend erik bord inicial recoj tiend client envi prend tiend erik q bord inicial piñ
ID_c6c7d64a,[OCULTO POR PRIVACIDAD],INCIDENCIA GENERAL,lleg prend bord mal condicion
ID_1ec38fa1,[OCULTO POR PRIVACIDAD],INCIDENCIA GENERAL,paquet perd ped 31 diciembr lleg todavi reclam
ID_b91fcd0d,[OCULTO POR PRIVACIDAD],INCIDENCIA GENERAL,client llam bastant enfad tardanz ped reclam ped
ID_bb66be08,[OCULTO POR PRIVACIDAD],INCIDENCIA GENERAL,lleg camiset ped reclam mailing esper adri envi factur
ID_04312366,[OCULTO POR PRIVACIDAD],INCIDENCIA GENERAL,ped lleg client reclam luis bastant vec llam client ofrec prend envi
ID_180f8e6c,[OCULTO POR PRIVACIDAD],INCIDENCIA GENERAL,cruc ped 66275 inform mailing ped recog ambos envi etiquet recog
ID_89a4929e,[OCULTO POR PRIVACIDAD],INCIDENCIA GENERAL,lleg prend desc reclam mailing envi nuev recog anterior
ID_cac2bff3,[OCULTO POR PRIVACIDAD],INCIDENCIA GENERAL,lleg prend gomill rot hac cambi ped mailing recog prend incorrect lleg nuev prend lleg bord mand recog mand correct bord
ID_3af4de30,[OCULTO POR PRIVACIDAD],INCIDENCIA GENERAL,paquet lleg reclam mailing
ID_79e394af,[OCULTO POR PRIVACIDAD],INCIDENCIA GENERAL,paquet num seguiment reclam mailing
ID_d45c067e,[OCULTO POR PRIVACIDAD],INCIDENCIA GENERAL,paquet numer seguimient nunc sid entreg envi factur mailing client quier reembols diner
ID_99b2709b,[OCULTO POR PRIVACIDAD],INCIDENCIA GENERAL,paquet envi perd reclam mailing
ID_c329ab97,[OCULTO POR PRIVACIDAD],INCIDENCIA GENERAL,posibl paquet perd part luis lleg prend cas hil
ID_1331092f,[OCULTO POR PRIVACIDAD],INCIDENCIA GENERAL,client avis prend deshilach avis mailing hac recog prend lleg almac envi bordador todavi vuelt
ID_10d14c29,[OCULTO POR PRIVACIDAD],INCIDENCIA GENERAL,client recib prend bord reclam mailing recoj prend mand bord nuev
ID_23f37b72,[OCULTO POR PRIVACIDAD],INCIDENCIA GENERAL,numer seguimient avanz reclam mailing
ID_7c03b506,[OCULTO POR PRIVACIDAD],INCIDENCIA GENERAL,paquet perd llam client volv llam eleg color mand factur
ID_af7c1f38,[OCULTO POR PRIVACIDAD],INCIDENCIA GENERAL,ped perd
ID_989824bb,[OCULTO POR PRIVACIDAD],INCIDENCIA GENERAL,ped perd
ID_7b22297c,[OCULTO POR PRIVACIDAD],INCIDENCIA GENERAL,paquet perd
ID_610470ae,[OCULTO POR PRIVACIDAD],INCIDENCIA GENERAL,paquet perd
ID_e0a77c61,[OCULTO POR PRIVACIDAD],INCIDENCIA GENERAL,paquet perd
ID_21085a43,[OCULTO POR PRIVACIDAD],INCIDENCIA GENERAL,paquet perd
ID_9359d709,[OCULTO POR PRIVACIDAD],INCIDENCIA GENERAL,paquet devuelt
ID_33688e09,[OCULTO POR PRIVACIDAD],INCIDENCIA GENERAL,ped perd
ID_f33d0f89,[OCULTO POR PRIVACIDAD],INCIDENCIA GENERAL,paquet perd
ID_ff972768,[OCULTO POR PRIVACIDAD],INCIDENCIA GENERAL,prend mal
ID_cff1a6ee,[OCULTO POR PRIVACIDAD],INCIDENCIA GENERAL,ped devuelt almac mailing necesit fra proced nuev envi
ID_4e432d2a,[OCULTO POR PRIVACIDAD],INCIDENCIA GENERAL,ped lleg quemadur
ID_4a357f22,[OCULTO POR PRIVACIDAD],INCIDENCIA GENERAL,ped paraliz tiktok
ID_242c0f6b,[OCULTO POR PRIVACIDAD],INCIDENCIA GENERAL,cruc envi 63351
ID_29e50e32,[OCULTO POR PRIVACIDAD],INCIDENCIA GENERAL,entreg punt convenient
ID_8301ab65,[OCULTO POR PRIVACIDAD],INCIDENCIA GENERAL,cruc envi 63251
ID_2a71aa6d,[OCULTO POR PRIVACIDAD],INCIDENCIA GENERAL,ped 29 ener todavi entrad rep kids pid
ID_d2d96331,[OCULTO POR PRIVACIDAD],INCIDENCIA GENERAL,devolu tiktok
ID_059b6a1f,[OCULTO POR PRIVACIDAD],INCIDENCIA GENERAL,prend incorrect
ID_f62b6c0d,[OCULTO POR PRIVACIDAD],INCIDENCIA GENERAL,prend errone
ID_3eadf01f,[OCULTO POR PRIVACIDAD],INCIDENCIA GENERAL,hac devolucion diner vien client tiend ped perd
ID_ceb8b3f2,[OCULTO POR PRIVACIDAD],INCIDENCIA GENERAL,ped sal
ID_7774ab9a,[OCULTO POR PRIVACIDAD],INCIDENCIA GENERAL,recib ped marc entreg
ID_865e39d0,[OCULTO POR PRIVACIDAD],INCIDENCIA GENERAL,paquet perd
ID_4d42bb7e,[OCULTO POR PRIVACIDAD],INCIDENCIA GENERAL,ped mand bord
ID_15abc3e8,[OCULTO POR PRIVACIDAD],INCIDENCIA GENERAL,prend mal envi
ID_1b2585c2,[OCULTO POR PRIVACIDAD],INCIDENCIA GENERAL,stock prend
ID_ed171ff5,[OCULTO POR PRIVACIDAD],INCIDENCIA GENERAL,ped entreg client
ID_9609bddf,[OCULTO POR PRIVACIDAD],INCIDENCIA GENERAL,pid 4 forr sol lleg dos
ID_d7843f66,[OCULTO POR PRIVACIDAD],INCIDENCIA GENERAL,ped lleg 20 ener
ID_c7e1aef7,[OCULTO POR PRIVACIDAD],INCIDENCIA GENERAL,lleg ped falt prend
ID_a8f0901f,[OCULTO POR PRIVACIDAD],INCIDENCIA GENERAL,ped perd
ID_7d89b0b2,[OCULTO POR PRIVACIDAD],INCIDENCIA GENERAL,ped ener todavi lleg reclam luis
ID_5fad4d12,[OCULTO POR PRIVACIDAD],INCIDENCIA GENERAL,envi factur ped perd pregunt mailing
ID_b1d351b7,[OCULTO POR PRIVACIDAD],INCIDENCIA GENERAL,ped lleg diciembr reclam mailing coment sid error aparec envi realment asi stock ofrezc client cambi prend
ID_a3e784b5,[OCULTO POR PRIVACIDAD],INCIDENCIA GENERAL,prend defectu envi prend nuev recog
ID_3f714d10,[OCULTO POR PRIVACIDAD],INCIDENCIA GENERAL,prend franj medi
ID_c12df2f9,[OCULTO POR PRIVACIDAD],INCIDENCIA GENERAL,perd paquet
ID_eb559800,[OCULTO POR PRIVACIDAD],INCIDENCIA GENERAL,prend tar
ID_41d447de,[OCULTO POR PRIVACIDAD],INCIDENCIA GENERAL,cruc ped 64344 mir caj anterior localic ped envi correct prend tenai luis reclam
ID_7e9db845,[OCULTO POR PRIVACIDAD],INCIDENCIA GENERAL,paquet entreg person client
ID_f52aa8a8,[OCULTO POR PRIVACIDAD],INCIDENCIA GENERAL,cruc ped 65275 inform mailing cruc ped ped etiquet recog dos envi etiquet recog
ID_a7803160,[OCULTO POR PRIVACIDAD],INCIDENCIA GENERAL,paquet perd corre
ID_26554382,[OCULTO POR PRIVACIDAD],INCIDENCIA GENERAL,paquet perd
ID_ae0d42e7,[OCULTO POR PRIVACIDAD],INCIDENCIA GENERAL,paquet entreg citybox client va abrirl reclam mailing justif entreg dni coment client color quier envi nuev
ID_e4f91b05,[OCULTO POR PRIVACIDAD],INCIDENCIA GENERAL,sol entreg dos prend ped diciembr reclam envi prend habi qued atras
ID_7ff837c2,[OCULTO POR PRIVACIDAD],INCIDENCIA GENERAL,lleg prend ningun tip bord tambi mal bord reclam mailing recoj envi correct
ID_bcf9e7e7,[OCULTO POR PRIVACIDAD],INCIDENCIA GENERAL,lleg dos forr polar
ID_71b82b5d,[OCULTO POR PRIVACIDAD],INCIDENCIA GENERAL,paquet numer seguimient perd doy eleg client color dio luis nunc lleg mand
ID_d45c067e,[OCULTO POR PRIVACIDAD],INCIDENCIA GENERAL,paquet envi perd
ID_48994982,[OCULTO POR PRIVACIDAD],INCIDENCIA GENERAL,seguimient par
ID_77cf9641,[OCULTO POR PRIVACIDAD],INCIDENCIA GENERAL,paquet envi lleg client reclam mailing client quier reembols coment puest reclam explic situacion ped reclam ver situacion encuentr
ID_fed361c4,[OCULTO POR PRIVACIDAD],INCIDENCIA GENERAL,mand gorc regres ped
ID_82b34dff,[OCULTO POR PRIVACIDAD],INCIDENCIA GENERAL,luis entreg unic prend dos
ID_0122ef0d,[OCULTO POR PRIVACIDAD],INCIDENCIA GENERAL,ped perd sal entreg papeleri libreri nuev habl dueñ tiend dic paquet diciembr pued ten paquet diciembr
ID_4e9a17a6,[OCULTO POR PRIVACIDAD],INCIDENCIA GENERAL,paquet sal almac mir ferret final envi dos prend tiend
ID_680f434f,[OCULTO POR PRIVACIDAD],INCIDENCIA GENERAL,paquet dañ corre
ID_116a5512,[OCULTO POR PRIVACIDAD],INCIDENCIA GENERAL,lleg mal ped envi tiend retorn gris plom bordador gris carbon
ID_21f0b882,[OCULTO POR PRIVACIDAD],INCIDENCIA GENERAL,client pid dos forr ciudad pid cambi ciud avis adri lleg client dos forr mism ciud ofrezc color mand bord nuev recog prend errone
ID_b8fb4db7,[OCULTO POR PRIVACIDAD],INCIDENCIA GENERAL,client pid dos prend s m envi bord equivoc cog l vez s llam client ofrec color quier regal quier dos igual ningun habl ferret si reembols diner
ID_50318e3a,[OCULTO POR PRIVACIDAD],INCIDENCIA GENERAL,paquet entreg person
ID_934138d5,[OCULTO POR PRIVACIDAD],INCIDENCIA GENERAL,entreg prend color errone ofrezc color
ID_d26fe9f9,[OCULTO POR PRIVACIDAD],INCIDENCIA GENERAL,paquet rot
ID_057fd1e4,[OCULTO POR PRIVACIDAD],INCIDENCIA GENERAL,dos forr polar lleg inicial bord pid recog luis
ID_90cc11b5,[OCULTO POR PRIVACIDAD],INCIDENCIA GENERAL,client solicit reembols
ID_26f1f136,[OCULTO POR PRIVACIDAD],INCIDENCIA GENERAL,esper ten stock polar pfrec client
ID_2198322f,[OCULTO POR PRIVACIDAD],INCIDENCIA GENERAL,lleg prend ped 68355 pregunt luis si alli ped hac cambi prend
ID_e8e0f825,[OCULTO POR PRIVACIDAD],INCIDENCIA GENERAL,entreg prend inicial grab pid recog luis
ID_22ef6ef5,[OCULTO POR PRIVACIDAD],INCIDENCIA GENERAL,numer seguimient lleg client ofrec prend
ID_39630d63,[OCULTO POR PRIVACIDAD],INCIDENCIA GENERAL,prend lleg client reclam eric coment nunc prend almac tramit nuev prend bord
ID_20f2e1f1,[OCULTO POR PRIVACIDAD],INCIDENCIA GENERAL,tramit nuev prend
ID_c012492e,[OCULTO POR PRIVACIDAD],INCIDENCIA GENERAL,tramit nuev prend
ID_63d18be7,[OCULTO POR PRIVACIDAD],INCIDENCIA GENERAL,llam client tramit nuev prend cog telf
ID_f17af0a8,[OCULTO POR PRIVACIDAD],INCIDENCIA GENERAL,reclam luis si bord excel sol aparec 12
ID_00ba4ffa,[OCULTO POR PRIVACIDAD],INCIDENCIA GENERAL,tramit nuev prend supon bord notici prend
ID_9d136587,[OCULTO POR PRIVACIDAD],INCIDENCIA GENERAL,tramit recog bord nuev letr
ID_4fccb2d5,[OCULTO POR PRIVACIDAD],INCIDENCIA GENERAL,bord bander mal tramit recog
ID_0d701840,[OCULTO POR PRIVACIDAD],INCIDENCIA GENERAL,paquet perd pregunt luis si reclam corre pdte ferret dig stock eci cadiz
ID_fb7a876b,[OCULTO POR PRIVACIDAD],INCIDENCIA GENERAL,lleg prend bander españ lug bander portugal fall sistem recog client har entreg eric arregl
ID_97f9d439,[OCULTO POR PRIVACIDAD],INCIDENCIA GENERAL,pid alic lleg albacet pid recog mailing arregl eric
ID_4b5cd8bf,[OCULTO POR PRIVACIDAD],INCIDENCIA GENERAL,entreg person prepar nuev ped adjunt mailing fot dni justif
ID_76547512,[OCULTO POR PRIVACIDAD],INCIDENCIA GENERAL,entreg person reclam mailing dni client
ID_99e74c3a,[OCULTO POR PRIVACIDAD],INCIDENCIA GENERAL,cex rob paquet
ID_2f934b36,[OCULTO POR PRIVACIDAD],INCIDENCIA GENERAL,compr prend lav primer vez destiñ complet paradis
ID_8b2c1d25,[OCULTO POR PRIVACIDAD],INCIDENCIA GENERAL,ampli plaz cambi
ID_64a526e7,[OCULTO POR PRIVACIDAD],INCIDENCIA GENERAL,prend prevent va canari gast envi
ID_53716c67,[OCULTO POR PRIVACIDAD],INCIDENCIA GENERAL,ped lleg mal dio solucion moment todavi ped bien habl client recog camiset envi correct tiend fisic sevill
ID_7546a68e,[OCULTO POR PRIVACIDAD],INCIDENCIA GENERAL,cruc ped 78717
ID_85bc9a5f,[OCULTO POR PRIVACIDAD],INCIDENCIA GENERAL,cruc ped 80467
ID_98134a57,[OCULTO POR PRIVACIDAD],INCIDENCIA GENERAL,entreg forr pol inicial
ID_1608a00e,[OCULTO POR PRIVACIDAD],INCIDENCIA GENERAL,client hac ped 19 octubr 31 recog inpost dia 7 entreg paquet envi prend nuev traves glov regal client cabr ped reclam traves connect novedad
ID_e6f30b71,[OCULTO POR PRIVACIDAD],INCIDENCIA GENERAL,ped 20 octubr sig ser entreg inpost dia 7 noviembr cre ped nuev salg posibl
ID_5e325048,[OCULTO POR PRIVACIDAD],INCIDENCIA GENERAL,ped veran pon forr pol dos vec deshilach letr
ID_3d6ba5c7,[OCULTO POR PRIVACIDAD],INCIDENCIA GENERAL,hac cambi tall forr pol sac etiquet lleg sal ped pierd sac nuev
ID_295f9721,[OCULTO POR PRIVACIDAD],INCIDENCIA GENERAL,ped tard dias envi duplic reclam bigblu llev ped vuelt almacen laur revis si devuelt almacen seman
ID_93dc35ea,[OCULTO POR PRIVACIDAD],INCIDENCIA GENERAL,ped 17 diciembr 12 ener todav sid entreg reclam inpost dos ocasion
ID_4900c05f,[OCULTO POR PRIVACIDAD],INCIDENCIA GENERAL,dan color eleg client
ID_91c2b208,[OCULTO POR PRIVACIDAD],INCIDENCIA GENERAL,inpost devuelv paquet nav lleg entreg
ID_f15af934,[OCULTO POR PRIVACIDAD],INCIDENCIA GENERAL,inpost entreg ped
ID_629c1ae2,[OCULTO POR PRIVACIDAD],INCIDENCIA GENERAL,ped man inpost 2612
ID_e41f2d8c,[OCULTO POR PRIVACIDAD],INCIDENCIA GENERAL,ped devuelt inpost famili lia bastant envi nuev mrw paquet dic jos manuel man
ID_f395a8ca,[OCULTO POR PRIVACIDAD],INCIDENCIA GENERAL,ped retras 31 inpost
ID_97ece9f0,[OCULTO POR PRIVACIDAD],INCIDENCIA GENERAL,reclam abiert inpost movimient 2612
ID_f6ec05c6,[OCULTO POR PRIVACIDAD],INCIDENCIA GENERAL,lleg pol bord espald lleg prend duplic delped 97986
ID_b90e3249,[OCULTO POR PRIVACIDAD],INCIDENCIA GENERAL,client tramit devolucion tiend hac eci posibl
ID_21c24085,[OCULTO POR PRIVACIDAD],INCIDENCIA GENERAL,client tramit devolu tiend fisic tiend ciud
ID_8e1f647e,[OCULTO POR PRIVACIDAD],INCIDENCIA GENERAL,client hac dos ped igual bord
ID_29d78f7a,[OCULTO POR PRIVACIDAD],INCIDENCIA GENERAL,client mand devolu unas brag salvaslip usad
ID_b9ca7150,[OCULTO POR PRIVACIDAD],INCIDENCIA GENERAL,lleg dos cuatr prend ped
ID_f3505aff,[OCULTO POR PRIVACIDAD],INCIDENCIA GENERAL,paquet llev 7 punt pack client intent recog vari ocasion pon pin val reclam bigblu llam punt pack dia 17 febrer notici
ID_7e148497,[OCULTO POR PRIVACIDAD],INCIDENCIA GENERAL,client pid pol clasic bander lleg bander bord
ID_d9358b45,[OCULTO POR PRIVACIDAD],INCIDENCIA GENERAL,client pid dos hoodi sol lleg bigblu
ID_b9ca7150,[OCULTO POR PRIVACIDAD],INCIDENCIA GENERAL,lleg 1 3 prend reclam bigblu indic ped sal complet
ID_18a55a25,[OCULTO POR PRIVACIDAD],INCIDENCIA GENERAL,lleg 1 3 prend
ID_b23cede9,[OCULTO POR PRIVACIDAD],INCIDENCIA GENERAL,ped 26 noviembr envi dos paquet lleg marc envi almacen reclam much vec ped adri obten respuest voy envi nuev ped client camiset extra molesti
ID_39d55c23,[OCULTO POR PRIVACIDAD],INCIDENCIA GENERAL,ped 10 ener envi 14 inpost supon avis client posibl rob ped reclam inpost
ID_7093d9ac,[OCULTO POR PRIVACIDAD],INCIDENCIA GENERAL,client abre pud encuentr paquet vaci complet manipul
ID_752b9091,[OCULTO POR PRIVACIDAD],INCIDENCIA GENERAL,ped 23 diciembr envi 29 dia 22 ener sig ser entreg reclam inpost
ID_871bb245,[OCULTO POR PRIVACIDAD],INCIDENCIA GENERAL,lleg sal tiend client dic extravi agenci envi
ID_76192798,[OCULTO POR PRIVACIDAD],INCIDENCIA GENERAL,hac cambi manual envi mal lleg falt crewneck
ID_42c2272b,[OCULTO POR PRIVACIDAD],INCIDENCIA GENERAL,ped 18 diciembr 30 marc entreg entreg client pon contact inpost dad ningun solucion solicit justif entreg envi client
ID_84a3dea7,[OCULTO POR PRIVACIDAD],INCIDENCIA GENERAL,ped 10 ener desaparec esper den respuest inpost
ID_68714384,[OCULTO POR PRIVACIDAD],INCIDENCIA GENERAL,ped supuest retras inpost esper envi almacen nuev
ID_a9183d8e,[OCULTO POR PRIVACIDAD],INCIDENCIA GENERAL,reembols ped paypal tambi reembols ped popi envi factur client abon cost ped reembols dobl
ID_34b948a6,[OCULTO POR PRIVACIDAD],INCIDENCIA GENERAL,supuest perd bigblu seur esper den respuest part almacen
ID_baadcfa2,[OCULTO POR PRIVACIDAD],INCIDENCIA GENERAL,client recog ped punt pack abre contracarg coment recib diner cuent
ID_a3aaa69b,[OCULTO POR PRIVACIDAD],INCIDENCIA GENERAL,client lleg prend correct abre contracarg
ID_b81f8a83,[OCULTO POR PRIVACIDAD],INCIDENCIA GENERAL,ped 22 ener todav lleg client
ID_084a1876,[OCULTO POR PRIVACIDAD],INCIDENCIA GENERAL,falt dos prend tres compon ped
ID_46547202,[OCULTO POR PRIVACIDAD],INCIDENCIA GENERAL,lleg inicial mang incorrect
ID_890cd5b9,[OCULTO POR PRIVACIDAD],TARA PROVEEDOR,agujer
ID_cb9c62bb,[OCULTO POR PRIVACIDAD],TARA PROVEEDOR,agujer
ID_836d23a3,[OCULTO POR PRIVACIDAD],TARA PROVEEDOR,desc
ID_09c2b3e9,[OCULTO POR PRIVACIDAD],TARA PROVEEDOR,enganch
ID_dbcec124,[OCULTO POR PRIVACIDAD],TARA PROVEEDOR,bord
ID_512b3327,[OCULTO POR PRIVACIDAD],TARA PROVEEDOR,agujer
ID_87477397,[OCULTO POR PRIVACIDAD],TARA PROVEEDOR,manch
ID_36ae2936,[OCULTO POR PRIVACIDAD],TARA PROVEEDOR,costur mal hech
ID_757257de,[OCULTO POR PRIVACIDAD],TARA PROVEEDOR,marc cremaller
ID_2f56c62b,[OCULTO POR PRIVACIDAD],TARA PROVEEDOR,agujer mang
,[OCULTO POR PRIVACIDAD],TARA PROVEEDOR,agujer hombr izq
,[OCULTO POR PRIVACIDAD],TARA PROVEEDOR,agujer pech
,[OCULTO POR PRIVACIDAD],TARA PROVEEDOR,cort hombr drcho
,[OCULTO POR PRIVACIDAD],TARA PROVEEDOR,agujer hombr drcho
,[OCULTO POR PRIVACIDAD],TARA PROVEEDOR,agujer hombr izq
,[OCULTO POR PRIVACIDAD],TARA PROVEEDOR,agujer hombr drcho
ID_43f07932,[OCULTO POR PRIVACIDAD],TARA PROVEEDOR,camiset lleg agujer manch
ID_bb90432e,[OCULTO POR PRIVACIDAD],TARA PROVEEDOR,inform client tramit cambi reveni
ID_6af6b956,[OCULTO POR PRIVACIDAD],TARA PROVEEDOR,client hac cambi reeveni
ID_c7050196,[OCULTO POR PRIVACIDAD],TARA PROVEEDOR,tramit cambi reveni indic q tar
ID_daa1f3a5,[OCULTO POR PRIVACIDAD],TARA PROVEEDOR,tramit cambi reveni
ID_968b4d82,[OCULTO POR PRIVACIDAD],TARA PROVEEDOR,client tramit cambi reveni
ID_49f9a979,[OCULTO POR PRIVACIDAD],TARA PROVEEDOR,envi enlac realic cambi x tar
ID_041d7efc,[OCULTO POR PRIVACIDAD],TARA PROVEEDOR,lleg prend agujer prepar nuev hac envi retorn
ID_1250a938,[OCULTO POR PRIVACIDAD],TARA PROVEEDOR,llegaun prend agujer bolsill envi retorn
ID_553030dc,[OCULTO POR PRIVACIDAD],TARA PROVEEDOR,lleg prend tar hac cambi reveni
ID_ab557ba8,[OCULTO POR PRIVACIDAD],TARA PROVEEDOR,lleg prend sol uso sal bol descos tramit cambi prend dañ reveni
ID_378cf822,[OCULTO POR PRIVACIDAD],TARA PROVEEDOR,lleg camiset agujer inici tramit reveni prend defectu
ID_2ca6f6fc,[OCULTO POR PRIVACIDAD],TARA PROVEEDOR,lleg prend manch bolsill tramit cambi x reveni
ID_27c8d3a0,[OCULTO POR PRIVACIDAD],TARA PROVEEDOR,lleg prend manch agujer mang tramit cambi tar reveni
ID_f59b9ba7,[OCULTO POR PRIVACIDAD],TARA PROVEEDOR,client lleg prend unas inicial correspond edu da orden hac prend nuev envi retorn
ID_dcb59c8e,[OCULTO POR PRIVACIDAD],TARA PROVEEDOR,client lleg prend rot habilit excepcion reveni cambi
ID_a01f3bc5,[OCULTO POR PRIVACIDAD],TARA PROVEEDOR,client lleg camiset manch tiend cordob
ID_d0737876,[OCULTO POR PRIVACIDAD],TARA PROVEEDOR,client lleg prend raj part abaj prend
ID_33dc0c02,[OCULTO POR PRIVACIDAD],TARA PROVEEDOR,client lleg prend raj
ID_4535b7ed,[OCULTO POR PRIVACIDAD],TARA PROVEEDOR,client lleg prend mal
ID_adc7b5b6,[OCULTO POR PRIVACIDAD],TARA PROVEEDOR,hac cambi x reveni
ID_e9a84689,[OCULTO POR PRIVACIDAD],TARA PROVEEDOR,hac cambi reveni
ID_282c87f7,[OCULTO POR PRIVACIDAD],TARA PROVEEDOR,tramit cambi reveni
ID_0ef80d90,[OCULTO POR PRIVACIDAD],TARA PROVEEDOR,inicial rotur
ID_9d2f9fad,[OCULTO POR PRIVACIDAD],TARA PROVEEDOR,desteñ manch
ID_52c4a0e1,[OCULTO POR PRIVACIDAD],TARA PROVEEDOR,agujer prend tramit cambi reveni
ID_5be90927,[OCULTO POR PRIVACIDAD],TARA PROVEEDOR,tramit cambi x reveni
ID_758cfbf0,[OCULTO POR PRIVACIDAD],TARA PROVEEDOR,tramit cambi reveni
ID_02495b8e,[OCULTO POR PRIVACIDAD],TARA PROVEEDOR,client lleg camiset dañ envi nuev retorn
ID_edaf8b2b,[OCULTO POR PRIVACIDAD],TARA PROVEEDOR,client va tramit cambi reveni
ID_d9e37989,[OCULTO POR PRIVACIDAD],TARA PROVEEDOR,coment client hag cambi reveni
ID_ccafa0c8,[OCULTO POR PRIVACIDAD],TARA PROVEEDOR,lleg prend agujer mand tramit cambi reveni
ID_c23bf9d3,[OCULTO POR PRIVACIDAD],TARA PROVEEDOR,hoodi destiñ complet tramit cambi reveni
ID_1fd2bbc6,[OCULTO POR PRIVACIDAD],TARA PROVEEDOR,hoodi desteñ prim lav cambi reveni
ID_b315cd26,[OCULTO POR PRIVACIDAD],TARA PROVEEDOR,hoodi lleg agujer hac cambi reveni
ID_199392bd,[OCULTO POR PRIVACIDAD],TARA PROVEEDOR,envi retorn forr pol nuev
ID_7e148497,[OCULTO POR PRIVACIDAD],TARA PROVEEDOR,client envi primer vez pol bander lleg bord envi nuev lleg manch envi mas retorn
ID_6f106c58,[OCULTO POR PRIVACIDAD],TARA PROVEEDOR,client tramit cambi reveni
ID_247005a6,[OCULTO POR PRIVACIDAD],TARA PROVEEDOR,prend desteñ hac cambi reveni
ID_07bca23f,[OCULTO POR PRIVACIDAD],TARA PROVEEDOR,prend desteñ client hac cambi reveni
ID_ebe75e1f,[OCULTO POR PRIVACIDAD],TARA PROVEEDOR,prend desteñ lav cambi reveni
ID_5bf1e153,[OCULTO POR PRIVACIDAD],TARA PROVEEDOR,cambi x reveni
ID_7a7c7c71,[OCULTO POR PRIVACIDAD],TARA PROVEEDOR,lleg prend tar hac cambi
ID_b84bfab9,[OCULTO POR PRIVACIDAD],TARA PROVEEDOR,prim lav destiñ complet
ID_3f610bc5,[OCULTO POR PRIVACIDAD],TARA PROVEEDOR,lleg prend manch
ID_4942c5fe,[OCULTO POR PRIVACIDAD],TARA PROVEEDOR,prim lav 30 grad cremaller estrope hac agujer prend
ID_76d71f0d,[OCULTO POR PRIVACIDAD],TARA PROVEEDOR,prend lleg agujer
ID_9b342ef1,[OCULTO POR PRIVACIDAD],TARA PROVEEDOR,client hac cambi reveni
ID_76b03933,[OCULTO POR PRIVACIDAD],TARA PROVEEDOR,cremaller estrop envi retorn nuev
ID_794057e0,[OCULTO POR PRIVACIDAD],TARA PROVEEDOR,cambi x reveni
ID_802978a8,[OCULTO POR PRIVACIDAD],TARA PROVEEDOR,cambi reveni
ID_3d74a373,[OCULTO POR PRIVACIDAD],TARA PROVEEDOR,cambi reveni
ID_b7f54d39,[OCULTO POR PRIVACIDAD],TARA PROVEEDOR,lleg prend desc envi nuev tiend fisic retorn
ID_86a2025a,[OCULTO POR PRIVACIDAD],TARA PROVEEDOR,prim lav destiñ mand client tiend sevill cambi
ID_e2f8ad6a,[OCULTO POR PRIVACIDAD],TARA PROVEEDOR,prim lav destñ cambi reveni
ID_ab133a39,[OCULTO POR PRIVACIDAD],TARA PROVEEDOR,prim lav destiñ hac cambi reveni
